SLOVKIA,SR.,Report Mail ID,COMPANY NAME,NUMBER 1,NUMBER 2,WEBSITE LINK,Company details ,EMAIL 1,EMAIL 2,EMAIL 3 purchase manger ,LINKEDIN,LINKEDIN (Company),INSTAGRAM,FACEBOOK,ADDRESS,REMARKS
,1,info@keeva.sk,"KEEVA,s.r.o.",,+421 917992310,http://www.keeva.sk/,,,info@keeva.sk,,,,,,,Tiles Store
,2,ingema@ingema.sk,Ingema 1,+421 905612463,+421 905243125,https://www.ingema.sk/,+421 905612463,+421 905612463 @slovakia ,,,,,,https://www.facebook.com/ingemask,,tiles design store
,3,bratislava@maag.sk,,,,,,,,,,,,,,
,4,FAJTH@FAJTH.SK,FAJTH Ltd. - Bathroom Studio,,+421 905468695,http://www.fajth.sk/,,,,,,,,,,Building Material Store
,5,info@rako.cz,RAKO,+421 556782864,+421 244257152,https://www.rako.cz/sk,,,,,,,,https://www.rako.cz/sk,,Tiles Store
,6,info@pitoreska.sk,Pitoreska,,+421 908142028,http://www.pitoreska.sk/,,,,,,,,,,Tiles Store
,7,cyprian.sanka@laminam.sk,Laminam s.r.o.,,+421 911811449,https://laminam.sk/,,,,,,,,,,Tiles Store
,8,obchod@eso.sk,ESO - Bathroom and indoor studio,,+421 915878706,https://www.eso.sk/,,,,,,,,,,Tiles Store
,9,info@centrumdlazieb.sk,Centrum Dlažieb Prešov,,+421 911727727,https://centrumdlazieb.sk/,,,,,,,,,,
,10,info@klocok.eu,"KLOCOK Poprad, s.r.o.",,+421 915929289,http://www.klocok.eu/,,,,,,,,,,Building Material Store
,11,info@kkcorp.sk,KK Corp s.r.o.,,,http://www.kkcorp.sk/,,,,,,,,,,Construction Company
,12,info@keramika.sk,REHAK KERAMIKA,,+421 905553555,keramika.sk,,,,,,,,https://www.facebook.com/rehakkeramika/,,construction company
,13,info.sk@velux.com,velux,,+421 233000543,velux.com,,,,,,,,https://www.facebook.com/velux/,,
,14,BAKERA@BAKERA.SK,BAKERA s.r.o.,,+421 556429242,,,,,,,,,,,
,,,,,,,,,,,,,,,,
SLOVINIA,SR.,Report Mail ID,COMPANY NAME,NUMBER 1,NUMBER 2,WEBSITE LINK,Company details ,EMAIL 1,EMAIL 2,EMAIL 3 purchase manger ,LINKEDIN,LINKEDIN (Company),INSTAGRAM,FACEBOOK,ADDRESS,REMARKS
,1,info@gpm-mozaik.si,Gpm mozaik d.o.o.,+386 31713121,,https://www.gpm-mozaik.si/,,info@gpm-mozaik.si,,,,,,,,
,2,jernej.konjar@siol.net,Jernej d.o.o.,+386 51628246,,https://www.jernej.si/,,jernej.konjar@siol.net,,,,,,,,
,3,info@kamnoseski-center.si,"Kamnoseški Center 
d.o.o.",+386 45353760,,"http://www.kamnoseski-
center.si/",,info@kamnoseski-center.si,,,,,,https://www.facebook.com/KamnoseskiCenter,,
,4,info@bf-stopnice.si,Omc d.o.o. 2,+386 51428273,,https://www.stopnice.si/,,"info@bf-stopnice.si
info@omc.si",,,,,,https://www.facebook.com/dekorativni.kamen.omc,,
,5,info@stonedesign.si,Stone Design d.o.o.,+386 31701555,,https://www.stonedesign.si,,info@stonedesign.si,,,,,,,,
,6,vsebo@vsebo.si,"VSEBO - spletna trgovina za dom, pisarno... življenje",+386 803060,+386 30720070,https://vsebo.si/,,vsebo@vsebo.si,,,,,,,"Ljubljana, Slovenia",
,7,matejka@zener.si,Aquanobile,+386 15654780,+386 56313280,https://www.aquanobile.si/,,matejka@zener.si,,,,,,,"Ljubljana, Slovenia",
,8,info@martin.si,MARTIN D.O.O.,+386 17770070,+386 37132600,https://www.martin.si/,,info@martin.si,,,,,,,"Ljubljana, Slovenia",
,9,avenus@avenus.si,"Avenus, trgovina, proizvodnja in storitve d.o.o.",+386 14379350,+386 31628882,https://www.avenus.si/,,avenus@avenus.si,,,,,,,"Ljubljana, Slovenia",
,10,svetovanje@veto.si,Veto wholesale d.o.o.,+386 15809100,+386 51411600,https://www.veto.si/,,"k.podbevsek@veto.si
info@veto.si
i.gluvic@veto.si
t.dobravec@veto.si
svetovanje@veto.si
info@eltron.si
info@vodoterm.si
info@megaterm.si
saso@megaterm.si
koper@megaterm.si
info@slada.si
info@fiver.si
info@meza.si
info@inhouse.si",,,,,,https://www.facebook.com/vetogroup19,"Ljubljana, Slovenia",
,11,info@inhouse.si,Veto wholesale d.o.o.,+386 15809100,+386 51411600,https://www.veto.si/,,"k.podbevsek@veto.si
info@veto.si
i.gluvic@veto.si
t.dobravec@veto.si
svetovanje@veto.si
info@eltron.si
info@vodoterm.si
info@megaterm.si
saso@megaterm.si
koper@megaterm.si
info@slada.si
info@fiver.si
info@meza.si
info@inhouse.si",,,,,,https://www.facebook.com/vetogroup19,"Ljubljana, Slovenia",
,12,info@sanotechnik.si,SANOTECHNIK d.o.o,+386 24213350,,https://www.sanotechnik.com/,,info@sanotechnik.si,,,,,,https://www.facebook.com/sanotechnikdoo/,"Maribor, Slovenia",
,13,info@adenma.si,"ADENMA - obnova in prenova kopalnic, adaptacije",+386 70505506,,https://adenma.si/,,info@adenma.si,,,,,,https://www.facebook.com/people/Adenma-obnova-in-prenova-kopalnic/61555298173933,"Maribor, Slovenia",
,14,info@keramin.si,Keramin,+386 51610489,+386 23312612,https://www.keramin.si/,,info@keramin.si,,,,,,https://www.facebook.com/keramin.eu,"Maribor, Slovenia",
,15,webshop@tehnoles.si,Tehnoles,+386 26554444,,https://www.tehnoles.si/,,webshop@tehnoles.si info@tehnoles.si,,,,,,https://www.facebook.com/tehnolesslovenija,"Maribor, Slovenia",
,16,info@tehnoles.si,Tehnoles,+386 26554444,,https://www.tehnoles.si/,,webshop@tehnoles.si info@tehnoles.si,,,,,,https://www.facebook.com/tehnolesslovenija,"Maribor, Slovenia",
,17,info@topkopalnice.si,TopKopalnice - salon keramike,+386 42010003,,https://topkopalnice.si/,,info@topkopalnice.si,,,,,,https://www.facebook.com/topkopalnice.td/,,
,18,petra.hudovernik@zeleznina.si,Železnina Hudovernik ,+386 38982350,,https://www.zeleznina.si/,,"petra.hudovernik@zeleznina.si
info@zeleznina.si",,,,,,https://www.facebook.com/zeleznina.hudovernikdoo?fref=ts,,
,,,,,,,,,,,,,,,,
Belgium,SR.,Report Mail ID,COMPANY NAME,NUMBER 1,NUMBER 2,WEBSITE LINK,Company details ,EMAIL 1,EMAIL 2,EMAIL 3 purchase manger ,LINKEDIN,LINKEDIN (Company),INSTAGRAM,FACEBOOK,ADDRESS,REMARKS
,1,info@kvik.com,Kvik Merksem + Belgium,+32 32833250,+45 72117000,https://www.kvik.be/nl-be/vind-een-winkel/kvik-merksem?utm_source=google&utm_medium=organic&utm_campaign=website&utm_content=merksem,,customercare@kvik.be/info@kvik.be/customercare.fr@kvik.be/info@kvik.com/maartenho@antwerpen.kvik.be/leenmaes@antwerpen.kvik.be/chrisme@antwerpen.kvik.be/thomasve@antwerpen.kvik.be/naam@email.com,,,https://www.linkedin.com/company/kvik-as/,,https://www.instagram.com/kvikmerksem/,https://www.facebook.com/KvikMerksem/,"Bredabaan 960, 2170 Antwerpen, Belgium","Sanitary,Tiles"
,2,info@rozetta.be,ROZETTA tiles + Belgium,+32 36662800,,http://www.rozetta.be/,,info@rozetta.be/katrien@rozetta.be/elke@rozetta.be/laurent@rozetta.be/tineke@rozetta.be,,,,,https://www.instagram.com/rozetta_tiles/,https://www.facebook.com/rozettatiles/?fref=ts#,"Museumstraat 31/De Max Horn-Zaal, 2000 Antwerpen, Belgium",Tiles
,3,borgerhout@hitobo.be,Hitobo Deurne + Belgium,+32 32725926,+32 470648703,https://hitobo.be/,,borgerhout@hitobo.be,,,,,https://www.instagram.com/hitobo.be/,https://www.facebook.com/hitobo.be/,"Stevenslei 41, 2100 Antwerpen, Belgium",Tiles
,4,info@tegelfabriek.be,Tegelfabriek + Belgium,+32 468277033,,http://www.tegelfabriek.be/,,info@tegelfabriek.be,,,,,https://www.instagram.com/tegel.fabriek/,https://www.facebook.com/profile.php?id=100086812087550,"Herentalsebaan 129, 2100 Antwerpen, Belgium",Tiles
,5,portugal@mosaicfactory.com,Mosaic Factory - Nederland & België + Belgium,+31 208112230,,https://www.mosaicfactory.com/nl/,,portugal@mosaicfactory.com/info-es@mosaicfactory.com/marketing@mosaicfactory.com/info-nl@mosaicfactory.com,,,https://www.linkedin.com/company/mosaicfactory/?originalSubdomain=uk,,https://www.instagram.com/mosaic.factory/,https://www.facebook.com/MosaicFactoryUs/,,Sanitary
,6,info@hc-concept.be,Houseconcept + Belgium,+32 485878623,+32 32949582,https://hc-concept.be/,,info@hc-concept.be,,,https://www.linkedin.com/company/house-concept-store/,,https://www.instagram.com/houseconcept_antwerpen/,,"Confortalei 270/280, 2100 Antwerpen, Belgium","Sanitary,Tiles"
,7,info@decomarket.be,Decomarket + Belgium,+32 32379880,,https://www.decomarket.be/,,info@decomarket.be,,,,,,https://www.facebook.com/decomarket.be,"Aartselaarstraat 248, 2660 Antwerpen, Belgium",Tiles
,8,info@bouwlandantwerpen.be,Bouwland Antwerpen + Belgium,+32 38301016,,https://www.bouwlandantwerpen.be/,,info@bouwlandantwerpen.be,,,,,https://www.instagram.com/bouwlandantwerpen/,https://www.facebook.com/bouwlandantwerpen.antwerp,,Tiles
,9,info@tegelsvandyck.be,Van Dyck Emiel N.V. + Belgium,+32 34556225,,http://www.tegelsvandyck.be/,,info@tegelsvandyck.be,,,,,,,"Herentalsebaan 421 - 423, 2160 Wommelgem, Belgium",Tiles
,10,info@belmat.be,Belmat + Belgium,+32 36677007,,http://www.belmat.be/,,info@belmat.be/jsmith@belmat.be/tufan@belmat.be/info@deurne.nl,,,,,https://www.instagram.com/belmatbouwmaterialen/,https://www.facebook.com/belmatbvba/,"Veldstraat 54, 2060 Antwerpen, Belgium",Tiles
,11,antwerpen@bmb-bouwmaterialen.be,Gedimat Bridts + Belgium,+32 38272639,,https://www.bmb-bouwmaterialen.be/nl/vestigingen/bmb-bouwmaterialen-aartselaar,,antwerpen@bmb-bouwmaterialen.be/info@bmb-bouwmaterialen.be/hoogstraten@bmb-bouwmaterialen.bewebsite/aartselaar@bmb-bouwmaterialen.be,,,https://www.linkedin.com/company/bmb-bouwmaterialen/,,https://www.instagram.com/bmb.bouwmaterialen,https://www.facebook.com/bmbbouwmaterialen.bme,"Cleydaellaan 12, 2630 Aartselaar, Belgium",Tiles
,12,info@interdal.be,Interdal + Belgium,+32 37762767,,https://www.interdal.be/,,info@interdal.be,,,,,https://www.instagram.com/interdal_be/,https://www.facebook.com/interdalBouwmarkt/,"Dendermondse Steenweg 39, 9100 Sint-Niklaas, Belgium","Sanitary,Tiles"
,13,Jeroenpensaert@skynet.be,Sani Jeroen BVBA + Belgium,+32 495536833,,http://www.sani-jeroen.be/,,Jeroenpensaert@skynet.be,,,,,,https://www.facebook.com/SaniJeroen/,"Fruithoflaan 35, 2600 Antwerpen, Belgium","Sanitary,Tiles"
,14,info@philippaerts.com,Philippaerts + Belgium,+32 34581616,,https://www.molenhuis.be/,,info@philippaerts.com,,,,,https://www.instagram.com/interieur_hetmolenhuis/,https://www.facebook.com/Interieurhetmolenhuis/photos/?_rdr,"Herentalsebaan 152, 2550 Wommelgem, Belgium","Sanitary,Tiles"
,15,info@intercarro.be,Intercarro + Belgium,+32 27209325,,http://www.intercarro.be/,,info@intercarro.be,,,https://www.linkedin.com/company/intercarro-belgium/?originalSubdomain=be,,https://www.instagram.com/intercarro_tegels_carrelages/,https://www.facebook.com/intercarro.outlet/?locale=fr_FR,"Leuvensesteenweg 17, 1932 Zaventem, Belgium","Sanitary,Tiles"
,16,info@totorenov.be,Toto Carrelage + Belgium,+32 23090021,,http://www.totocarrelage.be/?utm_source=google&utm_medium=wix_google_business_profile&utm_campaign=3644011112295358670,,info@totorenov.be,,,https://www.linkedin.com/company/totocarrelage/,,https://www.instagram.com/toto.carrelage/,https://www.facebook.com/Toto.Carrelage,"Rue Godefroid Kurth 33, 1140 Evere, Belgium",Tiles
,17,info@carrocasa.be,carro casa + Belgium,+32 23041010,,http://www.carrocasa.be/,,info@carrocasa.be,,,https://www.linkedin.com/company/carrocasa-ceramics-and-surfaces/,,https://www.instagram.com/carro_casa_tegels_carrelages/,https://www.facebook.com/CarroCasaTegelsCarrelages,"Leuvensesteenweg 526, 1930 Zaventem, Belgium","Sanitary,Tiles"
,18,info@brideco.be,Brideco + Belgium,+32 484307252,,https://www.brideco.be/,,info@brideco.be,,,,,,https://www.facebook.com/p/Brideco-100080259049985/,"Harensesteenweg 101, 1800 Vilvoorde, Belgium",Map
,,,,,,,,,,,,,,,,
PORTUGAL,SR.,Report Mail ID,COMPANY NAME,NUMBER 1,NUMBER 2,WEBSITE LINK,Company details ,EMAIL 1,EMAIL 2,EMAIL 3 purchase manger ,LINKEDIN,LINKEDIN (Company),INSTAGRAM,FACEBOOK,ADDRESS,REMARKS
,1,info@macolide.pt,"Macolide, Lda.",+351 21 163 3633,+351 214 447 083,macolide.pt,"Portuguese building-materials and interior-solutions company serving residential/commercial projects, with bathroom, kitchen and flooring/revestment solutions. (macolide.pt)",info@macolide.pt,apoio.cliente@macolide.pt,projeto@macolide.pt,https://www.linkedin.com/in/paulo-ferreira-1a1621388/,https://www.linkedin.com/company/macolide/,https://www.instagram.com/macolide/,https://www.facebook.com/Macolide/,"Avenida Júlio Dantas, 425, São Domingos de Rana, Portugal, 2785-383",Tiles + Sanitary Ware
,2,info@moodbath.pt,Mood Bath,+351 213461809,+351 914474323,moodbath.pt,"Portugal-based bathroom specialist focused on bathroom design, products and solutions.",info@moodbath.pt,,,,https://www.linkedin.com/in/cristina-machado-9b08b039/?locale=en   - founder ,"https://www.instagram.com/moodbath_lisboa/
https://www.instagram.com/m_cristinamachado/ - founder
",,"travessa fabrica das sedas 2d, 1250 -107, lisboa",Sanitary Ware
,3,comercial@marcosmat.pt,"Marcos – Materiais de Construção, Lda.","+351 289826604
+351 219665300""",+351963471856,marcosmat.pt,Faro-based construction-materials distributor offering bathroom products including shower trays and related materials. (marcosmat.com),comercial@marcosmat.pt,geral@marcosmat.pt,,,,https://www.instagram.com/marcos.mat.const.faro/,https://www.facebook.com/p/Marcos-Materias-de-Constru%C3%A7%C3%A3o-Lda-100057402222803/,"Estrada Nacional 10, Km 129.6, 2695-726 São João da Talha, Portugal",Tiles + Sanitary Ware
,4,mail@alvestone.com,AlveStone,+351914246418,+351935178195/+351935178194,alvestone.com,"Sintra-based company specialising in transformation, import/export and trade of construction materials, including ceramic products, paving and wall coverings. (alvestone.com)",mail@alvestone.com,,,,,https://www.instagram.com/alvestone_lda/,https://www.facebook.com/AlvestoneLda/,"Av. Combatentes, Abrunheira, 2710-089 Sintra, Portugal",Tiles
,5,geral@montael.com,Montael,+351239802520,+351969661169,montael.com,"Portuguese construction-materials retailer/distributor serving building and renovation customers, with a broad materials portfolio.",geral@montael.com,,,,https://www.linkedin.com/company/montael-s-a-/about/,https://www.instagram.com/montael_s.a/,https://www.facebook.com/montael,"Casa Meada, 3040-584 Coimbra, Portugal",Tiles + Sanitary Ware
,6,mfpg@balneumdesign.com,Balneum Design,+351291622612,,balneumdesign.com,Funchal/Madeira bathroom-design specialist representing premium international and Portuguese bathroom brands and handling residential and large projects. (balneumdesign.com),mfpg@balneumdesign.com,hello@glowdigital.pt,,,,https://www.instagram.com/balneumbanhodesign/,https://www.facebook.com/balneumdesign,"Rua da Ponta da Cruz 14, São Martinho, 9000-103 Funchal, Portugal",Sanitary Ware
,7,geral@pretoepinho.com,Preto & Pinho,,,pretoepinho.com,"Portuguese building-materials and home-solutions company supplying products for construction, renovation and interiors.",geral@pretoepinho.com,,,https://www.linkedin.com/in/andr%C3%A9-sousa-4263a7200/,https://www.linkedin.com/company/preto-pinho/,https://www.instagram.com/pretoepinho_banho/,https://pt-pt.facebook.com/preto.pinho/,"R. da Ramoa A1, 4700-855 Braga, Portugal",Tiles + Sanitary Ware
,8,lisboa@macolide.pt,"Macolide, Lda.",+351211633633,,macolide.pt,"Portuguese specialist in integrated bathroom, kitchen and flooring/revestment solutions for residential and commercial projects. (macolide.pt)",info@macolide.pt,projeto@macolide.pt,apoio.cliente@macolide.pt,,https://www.linkedin.com/company/macolide/https://www.linkedin.com/in/walbert-fernandes-575ba819a/https://www.linkedin.com/in/paulo-ferreira-1a1621388/https://www.linkedin.com/in/rita-guerra-b8022785/,https://www.instagram.com/macolide/?hl=enhttps://www.instagram.com/pauloc_ferreira/https://www.instagram.com/aritabguerra/,https://www.facebook.com/Macolide/,"CC dos Mestres 108 110, 1070-180 Lisboa, Portugal",Tiles + Sanitary Ware
,9,revigres@revigres.pt,Revigrés,+351 234660100,,revigres.pt,"Major Portuguese ceramic manufacturer specialising in ceramic wall and floor coverings, with extensive project and international-market experience. (Revigrés)",revigres@revigres.pt,,,,https://www.linkedin.com/company/revigres/,https://www.instagram.com/revigres_tiles,https://www.facebook.com/Revigres,,Tiles
,10,geral_boavista@cscastelo.com,CASTELO,351229789001,35229764205,cscastelo.com,Porto/Rio Tinto construction-materials and decoration retailer with two large showrooms and a broad portfolio of national/international brands. (cscastelo.com),geral@cscastelo.com,geral_boavista@cscastelo.com,,,,https://www.instagram.com/cscastelo/,https://www.facebook.com/coelhodasilvaecastelo,"R. Dom Afonso Henriques 605, 4435-005 Porto, Portugal",Tiles + Sanitary Ware
,11,cicap@cicap.pt,CICAP,351961786181,351220938582,cicap.pt,Portuguese construction-materials company serving building and renovation markets with a range of finishing and construction products.,lizmundo@lizmundo.com,cicap@cicap.pt,,,,,,"R. Arquitecto Marques da Silva 227, 4150-484 Porto, Portugal",Tiles + Sanitary Ware
,12,decoralexandra@matobra.pt,Matobra,+351239433777,,matobra.pt,"Coimbra-based company offering complete home solutions covering bathrooms, kitchens, flooring, wall coverings, construction and decoration. (Matobra)",mail@matobra.pt,decoralexandra@matobra.pt,,,https://www.linkedin.com/company/matobra,https://www.instagram.com/oficialmatobra/,https://www.facebook.com/OficialMatobra/,"Rua Ponte de Eiras, s/n, Ponte de Eiras, 3020-323 Coimbra, Portugal",Tiles + Sanitary Ware
,13,cozinhas@macolide.pt,"Macolide, Lda.",+351211633633,,macolide.pt,"Portuguese specialist in integrated bathroom, kitchen and flooring/revestment solutions for residential and commercial projects. (macolide.pt)",info@macolide.pt,projeto@macolide.pt,apoio.cliente@macolide.pt,,https://www.linkedin.com/company/macolide/https://www.linkedin.com/in/walbert-fernandes-575ba819a/https://www.linkedin.com/in/paulo-ferreira-1a1621388/https://www.linkedin.com/in/rita-guerra-b8022785/,https://www.instagram.com/macolide/?hl=enhttps://www.instagram.com/pauloc_ferreira/https://www.instagram.com/aritabguerra/,https://www.facebook.com/Macolide/,"CC dos Mestres 108 110, 1070-180 Lisboa, Portugal",Tiles + Sanitary Ware
,14,info@xviii.pt,XVIII – Azulejo e Faiança,351211566788,+351 213471976,xviii.pt,"Lisbon-based artisan producer specialising in handcrafted, hand-painted Portuguese tiles and pottery inspired by traditional designs. (XVIII - Azulejo e Faiança)",,,,,,https://www.instagram.com/xviii_azulejo_e_faianca/,https://www.facebook.com/profile.php?id=100063482323280#,"Largo de Santa Luzia nº9, 1100-411 Lisboa, Portugal",Tiles
,15,info@casapeixoto.pt,Casa Peixoto,+351258359800,,casapeixoto.pt,"Large Portuguese construction-materials distributor with 45+ years in the market, covering flooring, wall coverings, bathrooms, kitchens and construction. (Casa Peixoto)",info@casapeixoto.pt,posvenda@casapeixoto.pt,,,https://www.linkedin.com/company/casapeixoto/,https://www.instagram.com/casa_peixoto/,https://www.facebook.com/Casa.Peixoto/,"Estrada da Circunvalação, n.º 5579 Rua Diamantina, n.ºs 163E e 255E, 4350-283 Porto, Portugal",Tiles + Sanitary Ware
,16,geral@unlimitedsurfaces.pt,Unlimited Surfaces,351916060059,,unlimitedsurfaces.pt,"Portuguese specialist in fabricated acrylic surfaces such as Corian, Staron and Kerrock for kitchens, bathrooms and commercial projects. (unlimitedsurfaces.pt)",geral@unlimitedsurfaces.pt,,,,https://www.linkedin.com/company/unlimitedsurfaces/,https://www.instagram.com/unlimitedsurfaces/,https://www.facebook.com/unlimitedsurfaces,"R. dos Ourives 45 Pátio 47 Casa 3, Linhó, 2710-144 Sintra, Portugal",Sanitary Ware
,17,info@panoramaweb.es,PanoramaWeb,351924439455,351924261354,panoramaweb.es,Spanish digital/web-services company rather than a construction-materials or bathroom/tiles distributor.,info@panoramaweb.es,pt@emisan.es,,,,,,"Estr. Eiras 52, 3020-119 Coimbra, Portugal",Neither — Remove
,18,foztubo.lda@sapo.pt,"Foztubo, Lda.",351233436146,+351233423183/+351233436145,https://sapo.pt/,"Portuguese internet/media portal; the supplied foztubo.lda@sapo.pt address is an email hosted on SAPO, not the company's own website.",,,,,,,,"Rua José Nunes Medina 44 - 48, 3080-846 Figueira da Foz",Not applicable
,,,,,,,,,,,,,,,,
Romania,SR.,Report Mail ID,COMPANY NAME,NUMBER 1,NUMBER 2,website,Company details ,EMAIL 1,EMAIL 2,EMAIL 3 purchase manger ,linkdin,linkdin,INSTAGRAM,facebook,ADDRESS,REMARKS
,1,logistica@serstill.ro,Showroom Serstill Brașov,+40 268 312 484,+40 268 311 511,https://www.serstill.ro/,,office@serstill.ro,logistica@serstill.ro,,,,,,"Str. Carpaților Nr.53, Brașov 500269, Romania",sanitay ware
,2,office@banyodesign.ro,Sani Store,40745140056,,https://www.sanistore.ro/,,office@banyodesign.ro,,,,,,,"Expo Top Construct, Strada Valea Cascadelor 23, București 061512, Romania",sanitary ware
,3,office@neakaisa.ro,Neakaisa.ro,40376300091,,https://www.neakaisa.ro/,Vlad Sardescu (co founder),"office@neakaisa.ro
vlad@neakaisa.ro
vladsardescu@gmail.com",suport@neakaisa.ro,,https://www.linkedin.com/company/neakaisa-ro/,https://www.linkedin.com/company/neakaisa-ro/,https://www.instagram.com/neakaisa.ro/,https://www.facebook.com/neakaisa.ro/,"Strada Atelierului 20, București 010848, Romania",sanitary ware
,4,office@zoiss.ro,ZOISS home design,40241660630,,https://zoiss.ro/,,office@zoiss.ro,,,,,https://www.instagram.com/zoiss.ro/,https://www.facebook.com/ZOISShomedesign/,"Strada Tudor Vladimirescu 8, Constanța 900669, Romania",tiles and sanitary ware
,5,showroom@punctdesign.ro,Punct Design | Showroom Design Interior,40725 914 648(NO),40724 270 254,https://punctdesign.ro/,,showroom@punctdesign.ro,,,https://www.linkedin.com/company/punct-design-interior/,https://www.linkedin.com/company/punct-design-interior/,https://www.instagram.com/punctdesign.ro/,https://www.facebook.com/profile.php?id=61551212916523,"Strada Ion Gheorghe Duca 1, Constanța 900697, Romania",tiles and sanitary ware
,6,dana.birtas@athenaceramics.ro,Athena Ceramics,40729168280,,https://athenaceramics.ro/,,dana.birtas@athenaceramics.ro,adina.rad@athenaceramics.ro,,,,https://www.instagram.com/athenaceramics.ro,https://www.facebook.com/athenaceramicscluj,"Strada Anton Pann 28-30, Cluj-Napoca 400053, Romania",tiles and sanitary ware
,7,info@cubodesign.ro,Cubo,40747470470,,https://www.cubodesign.ro/,,info@cubodesign.ro,,,https://www.linkedin.com/company/cubodesign-ro/,https://www.linkedin.com/company/cubodesign-ro/,,https://www.facebook.com/CUBOdesign.ro,"Calea București 116, Brașov, Romania",tiles and sanitary ware
,8,office@conrep.ro,CONREP Showroom,40368730546,,https://www.conrep.ro/produse/obiecte-sanitare/wc/,,office@conrep.ro,john@conrep.ro,smil@conrep.ro/csaba.orbok@conrep.ro/eugen@conrep.ro,,,https://www.instagram.com/conrep.ro,https://www.facebook.com/conrep.showroom,"Bulevardul Griviței A50, Brașov 500177, Romania",tiles and sanitary ware
,9,contact@ravimdesign.ro,Ravim Design,+40 729 724 137,,https://ravimdesign.ro/,,contact@ravimdesign.ro,,,,,https://www.instagram.com/ravimdesign.ro/,https://www.facebook.com/profile.php?id=61567470129503&mibextid=wwXIfr&rdid=9qoAQ5dNTn4jEr6I&share_url=https%3A%2F%2Fwww.facebook.com%2Fshare%2F15r5NbHCYs%2F%3Fmibextid%3DwwXIfr#,") is Strada Rezervelor nr. 58A, Sat Dudu, Comuna Chiajna, Județul Ilfov, Cod 077041, România.",sanitaryware
,10,contact@lebada.ro,Lebada Showroom,+40 722 694 519,,https://lebada.ro/,,,contact@lebada.ro,,,,https://www.instagram.com/lebada.ro/?hl=en&g=4,https://www.facebook.com/lebadasrl/,"Careiului C15-17, Satu Mare, Romania, 440179",tiles and sanitaryware
,11,office@ideacasa.ro,IDEACASA,+40 764 418 288,+40 766 545 998 (wp),https://ideacasa-shop.ro/,,,office@ideacasa.ro,,,,https://www.instagram.com/ideacasa.ro/?hl=en&g=5,https://www.facebook.com/ideacasa.ro,"Calea Rahovei 266-268, Bucharest, Romania, 050912",sanitaryware
,12,edyceramic@gmail.com,Edy Ceramic,+40 723 612 151,,https://edyceramic.ro/?utm_source=ig&utm_medium=social&utm_content=link_in_bio&fbclid=PAZXh0bgNhZW0CMTEAc3J0YwZhcHBfaWQPOTM2NjE5NzQzMzkyNDU5AAGnNFkuF9PCMTZw_r2TQMC0a8Qn5OKkSFSrOz01nREQ4D1bKummpmjkj-QzwMI_aem_ZE_VDhHr2V8MTqayRkGcXg,,,edyceramic@gmail.com,,https://www.instagram.com/edyceramic/?hl=en,https://www.instagram.com/edyceramic/?hl=en,https://www.instagram.com/edyceramic/?hl=en,https://www.facebook.com/edyceramic/,"Calea Rădăuțiului nr 55, Marginea, Romania, 727345",tiles and sanitaryware
,13,comenzi@euro-instal.ro,Euroinstal,+40 736 100 100,,https://euro-instal.ro/?srsltid=AfmBOorfBg893hIgGyL-BbYuHX42eUik9NfLRYmpp0-ugjczLmu5Kbu8,,,comenzi@euro-instal.ro,,https://www.linkedin.com/company/euroinstal/,https://www.linkedin.com/company/euroinstal/,https://www.instagram.com/euroinstal.ro/,https://www.facebook.com/euroinstal.ro#,"Bulevardul Liviu Rebreanu 47, Timișoara 300425, Romania",sanitary ware
,14,comenzi@edenshop.ro,Eden Shop,+40 724 034 269,,https://www.edenshop.ro/,,,comenzi@edenshop.ro,,https://www.instagram.com/edenshopcluj/,https://www.instagram.com/edenshopcluj/,https://www.instagram.com/edenshopcluj/,https://www.facebook.com/profile.php?id=100095572773365,"Strada Dunarii 144 ap 2, Cluj-Napoca, Romania, 400593",sanitaryware
,15,office@tempini.ro,Tempini Solutions romania,+40 725 213 711,,https://www.tempini.ro/en/,,,office@tempini.ro,,,,http://instagram.com/tempiniromania,http://facebook.com/tempini.romania,"Strada Frumoasă, nr.19, Bucharest, Romania, 010985",tiles and sanitaryware
,16,office@relaxtrade.ro,Relax Trade Srl,40740301261,,https://relaxtrade.ro/,,,office@relaxtrade.ro,,,,https://www.facebook.com/relaxtrade.srl,https://www.facebook.com/relaxtrade.srl,"Strada Beclean, 535600 Odorheiu Secuiesc, Romania",sanitaryware
,17,office@atenalux.ro,Atena Lux Srl Bulevardul Independentei 23 Baia Mare Maramures Romania,+40 747 080 829,,,,,office@atenalux.ro,,,,https://www.instagram.com/atenalux?fbclid=IwY2xjawTWXs5wZG9mBWV4dG4DYWVtAjEwAGJyaWQRMXRFZkdRRlM5VTc1UW05dGlzcnRjBmFwcF9pZBAyMjIwMzkxNzg4MjAwODkyAAEeRdqEWTcl-QFJiSjhB6JfMlzVJ3n3gbaka4l8p6oFgvrhPTFB-PHcQ9hK7jo_aem_2LEgRqaNBku6Sp44bVLVkg,https://www.facebook.com/atena.lux,"Șoseaua Alba Iulia 100, Sibiu 550052, Romania",tiles and sanitary ware
,18,marketing@jollycluj.ro,Jolly Cluj – obiecte sanitare pentru baia ta,+40 731 357 986,,https://www.jollycluj.ro/,Francisc Koos (managing director),"koos_ferko@yahoo.com


",marketing@jollycluj.ro,francisc.koos@pharmasparks.com,https://www.linkedin.com/company/10908078,https://www.linkedin.com/company/10908078,https://www.instagram.com/jollycluj/,https://www.facebook.com/JollyCluj/,"strada Parcul Feroviarilor nr. 15-17, Cluj-Napoca, Romania, 400054",sanitaryware
,,,,,,,,,,,,,,,,
Norway,SR.,Report Mail ID,COMPANY NAME,NUMBER 1,NUMBER 2,WEBSITE LINK,Company details ,EMAIL 1,EMAIL 2,EMAIL 3 purchase manger ,LINKEDIN,LINKEDIN (Company),INSTAGRAM,FACEBOOK,ADDRESS,REMARKS
,1,"nettogprosjekt@hadetpabadet.no,
",Ha Det På Badet Nett & Prosjekt As,+47 22559520,,http://www.hadetpabadet.no/,,webshop@hadetpabadet.no,nettogprosjekt@hadetpabadet.no,,,,https://www.instagram.com/hadetpabadet/,https://www.facebook.com/hadetpabadet/,"Karenslyst Allé 7, 0278 Oslo, Norway",sanitaryware
,2,"tom.atle.pettersen@modena.no,

",Modena,+47 22078600,"+47 3800 3000

",https://modena.no/butikk/oslo/,Tommy Ivesdal (CEO),oslo@modena.no/tom.atle.pettersen@modena.no/richard.noble@modena.no/christian.stavseth@modena.no/sofie.andersen@modena.no/sarah.manskow@modena.no/madeleine.pedersen@modena.no/mats.bolstad@modena.no/knut.rognmo@modena.no/anette.wennevold@modena.no/asker@modena.no,tommy.ivesdal@modena.no,,,https://www.linkedin.com/company/modena-gruppen/,https://www.instagram.com/modenafliser,https://www.facebook.com/modenafliser/,,Tiles & sanitaryware
,3,post@ulfven.no,,+47 91394716,,http://www.ulfven.no/,,,,,,,https://www.instagram.com/ulfven/?utm_source=ig_embed&ig_rid=96a3be75-e2fa-4757-801e-300b379c667b,https://www.facebook.com/Ulfven,"Bygdøy allé 69D, 0265 Oslo, Norway",Tiles & sanitaryware
,4,"
kundeservice@maxbo.no",Maxbo,+47 06292,,https://www.maxbo.no/butikker/ole-deviksvei/,,kundeservice@maxbo.no,info@cookieinformation.com,,,https://www.linkedin.com/company/lovenskiold-handel-as/?originalSubdomain=no,https://www.instagram.com/maxbo/,https://www.facebook.com/maxboklartdukan,"Ole Deviks v. 40, 0668 Oslo, Norway",sanitaryware 
,5,post@zenzorama.no,Zenzorama mikrosement,+47 40008038,,http://www.zenzorama.no/,,post@zenzorama.no,,,,,https://www.instagram.com/zenzorama/,https://www.facebook.com/Zenzorama,"Brobekkveien 80 C, 0582 Oslo, Norway",sanitaryware
,6,"

lenngrenstabekk@me.com",Lenngren Naturstein AS,+47 90841737,,http://www.lenngrennaturstein.no/,,lenngrenstabekk@me.com/lenngren.as@me.com/user@domain.com,,,,,https://www.instagram.com/lenngren_naturstein/,https://www.facebook.com/lenngrennaturstein,"Gamle Drammensvei 45, 1369 Stabekk, Norway",tiles and sanitaryware 
,7,"        
info@billigvvs.no",Billig VVS AS,+47 21648880,,https://www.billigvvs.no/?utm_source=google&utm_medium=organic&utm_campaign=GMB,,info@billigvvs.no,,,,https://www.linkedin.com/company/billigvvs/,https://www.instagram.com/billigvvsdk/,https://www.facebook.com/billigvvs/,,sanitaryware
,8,"        
ski@ski.kvik.no",Kvik Storo - Oslo,+47 99099437,"clauspejstrup@gmail.com
Claus Flyger Pejstrup (ceo)
'+45 52342792",https://www.kvik.no/finn-butikk/kvik-oslo-storo?utm_source=google&utm_medium=organic&utm_campaign=website&utm_content=storo-oslo,,customercare@kvik.no/storo@storo.kvik.no/ranveigst@storo.kvik.no/victoriawi@storo.kvik.no/torillje@storo.kvik.no/dovydasmi@storo.kvik.no/itayka@ski.kvik.no/navn@epost.com,,,,https://www.linkedin.com/company/kvik-as/,https://www.instagram.com/kvikstoro/?hl=en,https://www.facebook.com/kvikstoro/,,sanitaryware
,9,"	
info@duravit.com",Duravit Norge,+47 81533600,,http://www.duravit.no/,,info@duravit.com,,,,https://www.linkedin.com/company/duravit-norge/,https://www.instagram.com/duravit,https://www.facebook.com/duravitIN/?brand_redir=138909649526983#,,sanitaryware
,10,"christiansen86@hotmail.com,",Dansani AS,+47 23052150,"Anne Fromm-Christiansen 
(head of purchase)",https://www.dansani.no/,,mail@dansani.no,,,,https://www.linkedin.com/company/dansani-a-s/,https://www.instagram.com/dansani_baderom/,https://www.facebook.com/DansaniNorge,"Karoline Kristiansens vei 8, 0661 Oslo, Norway",tiles and sanitaryware 
,11,bella@bella.no,Bella Fliser & Design Oslo ,+47 21384730,+47 32240730,http://www.bella.no/,,studio@bella.no/katherine@bella.no/ciao@bella.no/bella@bella.no,,,,https://www.linkedin.com/company/bella-fliser-og-design-as/?originalSubdomain=no,https://www.instagram.com/bella_studio/,https://www.facebook.com/Bellafliser/," Bygdøy allé 69d, 0265 Oslo, Norway",Tiles & sanitaryware
,12,stabekk@norfloor.no,Norfloor,+47 67590141,+47 55273580,https://www.norfloor.no/norfloor-stabekk,https://www.norfloor.no/norfloor-stabekk,ledelsen@norfloor.no/strommen@norfloor.no/stabekk@norfloor.no,,,,https://www.linkedin.com/company/norfloor-as/,https://www.instagram.com/norfloor_fliser/,https://www.facebook.com/Norfloor,"Gamle Drammensvei 35, 1369 Stabekk, Norway",Tiles & sanitaryware
,13,bryn@comfort.no,Comfort Storo,+47 23401040,,https://www.comfort.no/rorlegger/oslo/comfort-storo/?utm_source=gmb_comfort_storo&utm_medium=gmb&utm_campaign=klikket_gmb_lenke&utm_id=gmb_klikk_gmb,https://www.comfort.no/rorlegger/oslo/comfort-storo/?utm_source=gmb_comfort_storo&utm_medium=gmb&utm_campaign=klikket_gmb_lenke&utm_id=gmb_klikk_gmb,mosjoen@comfort.no/bryn@comfort.no/eide@comfort.no/storo@comfort.no/namsos@comfort.no,,,,https://www.linkedin.com/company/comfort-kjeden/,https://www.instagram.com/comfort.no/,,,sanitaryware
,14,"namsos@comfort.no,",Comfort Storo,+47 23401040,,https://www.comfort.no/rorlegger/oslo/comfort-storo/?utm_source=gmb_comfort_storo&utm_medium=gmb&utm_campaign=klikket_gmb_lenke&utm_id=gmb_klikk_gmb,https://www.comfort.no/rorlegger/oslo/comfort-storo/?utm_source=gmb_comfort_storo&utm_medium=gmb&utm_campaign=klikket_gmb_lenke&utm_id=gmb_klikk_gmb,mosjoen@comfort.no/bryn@comfort.no/eide@comfort.no/storo@comfort.no/namsos@comfort.no,,,,https://www.linkedin.com/company/comfort-kjeden/,https://www.instagram.com/comfort.no/,,,sanitaryware
,15,"clauspejstrup@gmail.com,",Kvik Storo - Oslo,+47 99099437,clauspejstrup@gmail.com,https://www.kvik.no/finn-butikk/kvik-oslo-storo?utm_source=google&utm_medium=organic&utm_campaign=website&utm_content=storo-oslo,"Claus Flyger Pejstrup (ceo)
'+45 52342792",customercare@kvik.no/storo@storo.kvik.no/ranveigst@storo.kvik.no/victoriawi@storo.kvik.no/torillje@storo.kvik.no/dovydasmi@storo.kvik.no/itayka@ski.kvik.no/navn@epost.com,,,,https://www.linkedin.com/company/kvik-as/,https://www.instagram.com/kvikstoro/?hl=en,https://www.facebook.com/kvikstoro/,"Sandakerveien 116, 0484 Oslo, Norway",sanitaryware
,16,aarnes@bademiljo.no,Bademiljø VVS Expo,+47 22303200,,https://vvs-expo.no/,,hell@bademiljo.no/firmapost@bademiljo.no/john.smith@bademiljo.no/aarnes@bademiljo.no/firmapost@vvs-expo.no/check-@menuitem.value.guid,,,,https://www.linkedin.com/company/bademilj%C3%B8-as/?originalSubdomain=no,https://www.instagram.com/bademiljo.no/,https://www.facebook.com/bademiljo,,Tiles and sanitaryware 
,17,"espen.karlsen@hth.no,","HTH Ensjø - Kjøkken, Bad og Garderobe",+47 94031000,,"Espen Karlsen (director) 
espen.karlsen@hth.no",https://www.hth.no/butikker/hth-gjor-det-selv-oslo?utm_source=GMBlisting&utm_medium=organic,mjoe@hth.no/info.oslo@hth.no/info.bergen@hth.no/robert@hth.no/info.ensjo@hth.no/nsjo.lager@hth.no/krjk@hth.no/taqa@hth.no/mrat@hth.no/ristofer.li.eriksen@hth.no/jfar@hth.no,,,,https://www.linkedin.com/company/hth-as-gruppen/?originalSubdomain=no,https://www.instagram.com/hth_ensjo/,https://www.facebook.com/HTHNorge,"Gladengveien 17, 0661 Oslo, Norway",sanitaryware
,18,"emil@tapwell.com,",Tapwell,+47 23051430,,Emil Olander (sales),http://www.tapwell.no/,ordre@tapwell.no/info@tapwell.no/info@tapwell.se,emil@tapwell.com/mremilolander@gmail.com,,,https://www.linkedin.com/company/tapwell/,https://www.instagram.com/tapwell/,https://www.facebook.com/tapwell/,"Alf Bjerckes vei 28, 0596 Oslo, Norway",sanitaryware
,,,,,,,,,,,,,,,,
Serbia,SR.,Report Mail ID,COMPANY NAME,NUMBER 1,NUMBER 2,WEBSITE LINK,Company details ,EMAIL 1,EMAIL 2,EMAIL 3 purchase manger ,LINKEDIN,LINKEDIN (Company),INSTAGRAM,FACEBOOK,ADDRESS,REMARKS
,1,direktor@dominosrbija.com,DOMINO,,,http://www.dominosrbija.com/,"Business Type: Direct importer, distributor, retailer and supplier of construction and home-improvement materials.
Main Products: Ceramic and porcelain tiles, sanitary ware, bathroom furniture, faucets, shower cabins, bathtubs, mosaics, laminates, PVC windows and doors, insulation and construction materials.",direktor@dominosrbija.com,prodaja@dominosrbija.com,,,,https://www.instagram.com/gcdominosrbija/,https://www.facebook.com/domino.srbija.centri/,"Braće Miladinov 2, Sombor 421707, Serbia",TILES AND SANITARYWARE 
,2,prodaja@dominosrbija.com,DOMINO,,,http://www.dominosrbija.com/,"Business Type: Direct importer, distributor, retailer and supplier of construction and home-improvement materials.
Main Products: Ceramic and porcelain tiles, sanitary ware, bathroom furniture, faucets, shower cabins, bathtubs, mosaics, laminates, PVC windows and doors, insulation and construction materials.",direktor@dominosrbija.com,prodaja@dominosrbija.com,,,,https://www.instagram.com/gcdominosrbija/,https://www.facebook.com/domino.srbija.centri/,"Braće Miladinov 2, Sombor 421707, Serbia",TILES AND SANITARYWARE 
,3,keramika@zorka-keramika.rs,Zorka Keramika,381 15 600120,,http://www.zorka-keramika.rs/,,keramika@zorka-keramika.rs,,,,https://rs.linkedin.com/company/zorka-keramika,,,"Hajduk Veljkova, Šabac, Serbia",TILES 
,4,office@polarinternacional.rs,Polar Internacional,381 11 2653649,,https://polarinternacional.rs/,,office@polarinternacional.rs,,,,,https://www.instagram.com/laminatbeograd/,https://www.facebook.com/profile.php?id=100054635056472,"Bulevar vojvode Mišića 41, Beograd 11000, Serbia",TILES 
,5,lemit.projekat@lemit.co.rs,LEMIT,381 112833155 / 381117655071,,https://lemit.rs/,"Business Type: Importer, distributor, wholesaler and retailer of tiles and bathroom products.
Main Products: Ceramic and porcelain tiles, sanitary ware, faucets, showers, bathtubs, shower cabins, bathroom furniture and accessories.","office@lemit.co.rs / ponude@lemit.co.rs/
veleprodaja.veternik@lemit.co.rs/
lemit.projekat@lemit.co.rs",,,,,https://www.instagram.com/lemit.rs/,,"Novi Sad, Serbia",
,6,office@lemit.co.rs,LEMIT,381 112833155 / 381117655071,,https://lemit.rs/,"Business Type: Importer, distributor, wholesaler and retailer of tiles and bathroom products.
Main Products: Ceramic and porcelain tiles, sanitary ware, faucets, showers, bathtubs, shower cabins, bathroom furniture and accessories.","office@lemit.co.rs / ponude@lemit.co.rs/
veleprodaja.veternik@lemit.co.rs/
lemit.projekat@lemit.co.rs",,,,,https://www.instagram.com/lemit.rs/,,"Novi Sad, Serbia",
,7,info@porcelanosa.co.rs,Porcelanosa,381 11 3343026,,http://www.porcelanosa.co.rs/,"Business Type: Premium showroom, retailer and supplier of tiles, bathroom equipment and interior solutions.
Main Products: Ceramic and porcelain tiles, XXL ceramic slabs, sanitary ware, faucets, shower systems, bathtubs, bathroom furniture, saunas and interior/outdoor furniture.",info@porcelanosa.co.rs,,,,,https://www.instagram.com/porcelanosa_rs/,https://www.facebook.com/PorcelanosaBeograd/,"Resavska 1, Beograd, Serbia",
,8,nanteskupatila@mts.rs,Nantes kupatila,381 64 6579605,381 64 6579603,https://nanteskupatila.rs/,"Business Type: Wholesale and retail supplier of bathroom and sanitary products.
Main Products: Ceramic and porcelain tiles, mosaics, sanitary ware, bathroom furniture, faucets, shower cabins, bathtubs, water heaters and plumbing products.",prodaja@nanteskupatila.rs,nanteskupatila@mts.rs,,,,https://www.instagram.com/nantesdoo/,https://www.facebook.com/Nantes.doo,"Vojislava Ilića 94b, Beograd 11000, Serbia",
,9,shop@koral.rs,koral,381 13 335540,,https://www.koral.rs/,,office@koral.rs,shop@koral.rs,,,,,,"Pancevo, serbia",
,10,maloprodaja@vodomarket.rs,Vodomarket salon ekskluzivne keramike i kupatila,381 63 515982,,https://vodomarket-shop.rs/,"Business Type: Ceramic tile showroom, retailer and online supplier of bathroom and plumbing products.
Main Products: Ceramic and porcelain tiles, sanitary ware, washbasins, WC units, faucets, shower systems, bathroom accessories, boilers, plumbing and heating products.",maloprodaja@vodomarket.rs,,,,https://www.linkedin.com/company/vodomarket-d-o-o/,https://www.instagram.com/deltaterm.srbija/,https://www.facebook.com/deltatermnet,"Dimitrija Tucovića 200, Niš 18000, Serbia",
,11,office@pobeda-mit.com,Pobeda Mit,381 18 4542508,,http://www.pobeda-mit.com/,"Business Type: Retail showroom chain and online supplier specialising in bathroom and interior products.
Main Products: Ceramic and porcelain tiles, sanitary ware, bathroom furniture, faucets, shower cabins, bathtubs, bathroom accessories, boilers and spa products.",office@pobeda-mit.com,,,,,https://www.instagram.com/pobeda_mit/,https://www.facebook.com/p/Pobeda-MIT-100063597701212/,"Bulevar Svetog cara Konstantina Rd 67, Niš 18000, Serbia",
,12,office@botomex.rs,Botomex,381 11 2683503,,https://botomex.rs/,"Business Type: Supplier, distributor and project-oriented company specialising in tiles, sanitary ware and interior solutions.
Main Products: Ceramic and granite/porcelain tiles, sanitary ware, bathroom accessories, wellness & spa equipment and construction chemicals.",office@botomex.rs,,,,,https://www.instagram.com/botomexdoo/,https://www.facebook.com/botomex,"objekat Artklasa, Dunavski kej 48, Beograd 11000, Serbia",
,,,,,,,,,,,,,,,,
Croatia,SR.,Report Mail ID,COMPANY NAME,NUMBER 1,NUMBER 2,WEBSITE LINK,Company details ,EMAIL 1,EMAIL 2,EMAIL 3 purchase manger ,LINKEDIN,LINKEDIN (Company),INSTAGRAM,FACEBOOK,ADDRESS,REMARKS
,1,reta@reta.hr,RETA d.o.o.,385 47637111,385 47638200,http://www.reta.hr,,reta@reta.hr,,,,,,,,Embassy Data
,2,info@color.hr,COLOR EMAJL d.o.o.,385 34638711,385 34276050,http://www.color.hr,,"info@color.hr, team@color.hr, transport@color.hr",,,,,,,,Embassy Data
,3,info@agroproteinka.hr,AGROPROTEINKA d.d.,385 12047633,385 12046774,http://www.agroproteinka.hr,,info@agroproteinka.hr,,,,,,,,GOOGLE MAP 
,4,velekem@velekem.hr,VELEKEM d.d.,385 16171333,385 15603304,http://www.velekem.hr,,velekem@velekem.hr,,,,,,,,GOOGLE MAP 
,5,frida-mijic@zg.t-com.hr,Frida Mijić Ltd. Salon of ceramics and building materials,385 12047608,,http://www.frida-mijic.hr/,,"frida-mijic@zg.t-com.hr , info@frida-mijic.hr",,,,,,,,GOOGLE MAP 
,6,retaila@pipa.hr,Pipa d.o.o.,385 13360491,385 13336322,http://pipa.hr/,,"info@pipa.hr , retaila@pipa.hr",,,,,,,,GOOGLE MAP 
,7,voda@h2o.com.hr,Trgovina CAR - sanitarije i vodomaterijal,385 23392696,385 981794807,https://www.voda-trgovina.hr/,,voda@h2o.com.hr,,,,,,,,GOOGLE MAP 
,8,rada.trgovina@st.t-com.hr,RAĐA TRGOVINA d.o.o.,385 21247239,,https://rada-trgovina.com/,,rada.trgovina@st.t-com.hr,,,,,,,,GOOGLE MAP 
,9,info@aquaestil.hr,Aquaestil,385 47811836,385 47674375,https://www.aquaestil.hr/,,info@aquaestil.hr,,,,,,,,GOOGLE MAP 
,10,info@ria.hr,RIA Export Import d.o.o.,385 42642120,385 42642123,http://www.ria.hr/,,info@ria.hr,,,,,,,,GOOGLE MAP 
,11,split@kera-term.hr,Keraterm trgovina d.o.o. Solin / Split,385 21217574,,https://kera-term.hr/,,"info@kera-term.hr , split@kera-term.hr",,,,,,,,GOOGLE MAP 
,12,webshop@bitpromet.hr,Bitpromet Ltd.,385 913006017,385 914433475,https://www.bitpromet.hr/,,webshop@bitpromet.hr,,,,,,,,GOOGLE MAP 
,13,info@deltacolor.hr,Delta Color,385 35270161,385 800200143,https://colorcentar.deltacolor.hr/,,info@deltacolor.hr,,,,,,,,GOOGLE MAP 
,14,karlovac@kera-term.hr,Keraterm trgovina d.o.o. Karlovac,385 47648018,385 014501111,https://kera-term.hr/,,"karlovac@kera-term.hr , 
 info@kera-term.hr",,,,,,,,GOOGLE MAP 
,15,webshop@fero-term.hr,Fero-Term,385 14555535,385 916770043,https://www.fero-term.hr/,,webshop@fero-term.hr,,,,,,,,GOOGLE MAP 
,16,info@spina.hr,Špina,385 52451348,,http://www.spina.hr/,,info@spina.hr,,,,,,,,GOOGLE MAP 
,,,,,,,,,,,,,,,,
Bulgaria,SR.,Report Mail ID,COMPANY NAME,NUMBER 1,NUMBER 2,WEBSITE LINK,Company details ,EMAIL 1,EMAIL 2,EMAIL 3 purchase manger ,LINKEDIN,LINKEDIN (Company),INSTAGRAM,FACEBOOK,ADDRESS,REMARKS
,1,"abc.baza2@gmail.com, shop.abc.en@gmail.com",ABC ENGINEERING - N Ltd.,+359 893638663,,https://www.abc-enginering.eu/,,,,,,,,https://www.facebook.com/abc.stroitelen.hipermarket,,
,2,interkeramos@gmail.com,Interkeramos OOD,+359 885956986,,interkeramos.com,,,,,,https://www.linkedin.com/company/interkeramos/,https://www.instagram.com/interkeramos/,https://www.facebook.com/Interkeramos/,,
,3,geraka.com@gmail.com,Geraka BG,"+359 888200196 , +359 876665686",,https://www.geraka.com/,,,,,,,,https://www.facebook.com/geraka.gerak/,,
,4,Store@krez.bg,Stroymarket KREZ,+359 70080030,,https://krez.bg/,,,,,,https://www.instagram.com/krez.bulgaria/,,https://www.facebook.com/profile.php?id=747433885400329&paipv=0&eav=AfY5kNTWQ1PbK9KMPHsSq0azis8MAS2bHM2t-H676qnZaM-dE1OuaHysQpppCZPjg&rdr,,
,5,office@borjabulgaria.com,Borja Bulgaria,+359 885555070,,https://www.borjabulgaria.com/,,,,,,,https://www.instagram.com/borjabulgaria,https://www.facebook.com/thea.teneva.39/,,
,6,parketti@abv.bg,SPACE flooring,+359 889292309,,parketispace.bg,,,,,,,,https://www.facebook.com/parketiSpace/,,
,7,stonetradepomorie@gmail.com,"Stone Trade - Natural stone - granite, marble, travertine","+359 886424214 , +359 898675918",,stonetrade.bg,,,,,,,,https://www.facebook.com/stonetradeinfo/,,
,8,"valdobs@abv.bg , valdobg@mail.bg",Valdo,+359 888634845,,http://www.valdobg.com/,,,,,,,,,,
,9,office@tutu-home.com,TU-TU HOME INTERIOR,+359 899152146,,,,,,,,,,https://www.facebook.com/tutuhomeinterior/,,
,10,office@rumik.bg,Rumic,+359 883252090,,rumik.bg,,,,,,https://www.linkedin.com/company/rumik-sofia/about/,,https://www.facebook.com/rumikbulgaria/,,
,11,complex.sunny@gmail.com,SUNY and Co,+359 888316819,,https://complex-sunny.com/bg,,,,,,,,https://www.facebook.com/stroitelenmagazin?locale=esLA,,
,12,office@keranova.org,Keranova,"+359 895535733 , +359 29681031 , +359 896740498",,keranova.org,,,,,,,,https://www.facebook.com/keranova.eood/,,
,13,contact@smartcare-bg.com,Smart Care - Bathroom furniture,+359 884000640,,https://smartcare-bg.com/,,,,,,https://www.linkedin.com/company/smartcare-bg/,https://www.instagram.com/smartcareglassline/,https://www.facebook.com/smartcarebg,,
,14,online.orders@mr-bricolage.bg,Mr.Bricolage,"+359 882279283 , +359 70088111",,mr-bricolage.bg,,,,,,https://www.linkedin.com/company/mr-bricolage/,,https://www.facebook.com/p/MrBricolage-Bulgaria-100089227638740/?paipv=0&eav=AfZDGfdrp1XDcqBsvUuylcupaPP9anUctQ4oUHCm0BWmRak49QVP0Gf-pay2FrWw6DA&rdr,,
,15,eshop@eshop.praktiker.bg,Praktiker Veliko Tarnovo /Practitioner Shumen /Praktiker /Praktiker Yambol /Practitioner Pazardzhik,"+359 70010045 , +359 62668100 , +359 54912100",,,,,,,,,https://www.instagram.com/praktikerbg/,https://www.facebook.com/PraktikerBG,,
,16,dudo_2009@abv.bg,DUDO STROY EOOD,+359 884955688,,,,,,,,,,https://www.facebook.com/DudoEOOD/,,
,17,,Store Bathroom Style,+359 42284039,,,,,,,,,https://www.instagram.com/baniastil,https://www.facebook.com/baniastil.bg,,
,18,info@cristalplant.it,Bulsan,+359 72360092,,https://www.bulsan.bg/,,,,,,,,https://www.facebook.com/cristalplant.it/,,
,,"sani@persanit.com , info@persanit.com",Persanit OOD,"+359 877646477 , +359 70070014",,http://www.persanit.com/,,,,,,,,https://www.facebook.com/p/Persanit-100054645930751/,,
Ukraine,SR.,Report Mail ID,COMPANY NAME,NUMBER 1,NUMBER 2,WEBSITE LINK,Company details ,EMAIL 1,EMAIL 2,EMAIL 3 purchase manger ,LINKEDIN,LINKEDIN (Company),INSTAGRAM,FACEBOOK,ADDRESS,REMARKS
,1,shop@etalonk.com/a.ocheredko@etalonk.com/office@etalonk.com,Ceramic tile store ETALON ,380 996400144,380 50 548 3552'+ ( https://www.linkedin.com/in/yuliia-korsun-45071a41/ ) ,https://etalonk.com/,"ETALON is a Kyiv-based ceramic tile retailer operating both a showroom and an online platform. The company offers a broad range of wall and floor tiles, targeting homeowners, designers, and contractors. Its collaboration with multiple international brands suggests a strong sourcing network and possible involvement in imports.",,,,,https://www.linkedin.com/company/etalon-plitka/?originalSubdomain=ua,https://www.instagram.com/etalon.plitka/,https://www.facebook.com/etalon.plitka/,,
,2,keramamix.ua@gmail.com,KeramaMix | Bathroom and floor tile showroom ,380 502122233,,http://keramamix.com.ua/,"KeramaMix is a showroom-focused tile and bathroom solutions provider in Kyiv. The company specializes in ceramic tiles and flooring products, catering mainly to residential renovation projects. It emphasizes curated collections and design-oriented solutions for end customers.",,,,,,https://www.instagram.com/tiledealer.ua,,,
,3,info@tiles.com.ua,Tiles ,380 981747979,,https://tiles.com.ua/,"Tiles.com.ua is an online tile supplier based in Kyiv, offering ceramic tiles through digital sales channels. The company targets retail buyers and small contractors, focusing on accessible pricing and a wide product range sourced from various suppliers.",,,,,,,,,
,4,info@tiles.com.ua,BICOLOR ,380 981747979,,https://tiles.com.ua/,"BICOLOR is a Kyiv-based tile showroom brand associated with Tiles.com.ua, offering ceramic tile collections through both physical and online channels. The company focuses on modern designs and retail customers, with a strong social media presence supporting its marketing and sales activities.",,,,,,https://www.instagram.com/bicolortile/,https://www.facebook.com/bicolortile,,
,5,info@kerama-marazzi.store,KERAMA MARAZZI ,380 675550611,37 495729461,https://kerama-marazzi.store/,"Kerama Marazzi is a major international ceramic tile brand with a strong presence in Ukraine. The company offers a wide portfolio of tiles and design collections, typically positioned in the mid to premium segment. It operates through branded stores and distribution networks, focusing on high-quality and design-driven products.",,,,,,https://www.instagram.com/keramamarazzi_official/?hl=en,https://www.facebook.com/kerama.marazzi/,,
,6,info@kerama-marazzi.store,Zeus Ceramica +Ukraine,manufarurerer ,37 495729461,https://zeus-ceramica.com.ua/ukr/?srsltid=afmbooqmew6n393yz-nzktklmzdbzfh1otlzy23empmpqigfqdjcftut,"PLITKASHOP is a Kyiv-based tile retail showroom offering a variety of ceramic tile collections for residential and commercial use. The company focuses on retail customers and interior projects, supported by active social media marketing. It likely sources products from established brands and distributors.",,,,,https://www.linkedin.com/company/kerama-marazzi/,https://www.instagram.com/keramogranit_zeus/,https://www.facebook.com/plitkashopua                       https://www.facebook.com/Zeus-Ceramica-572837792811494/,,
,7,frotellyceo@gmail.com,Frotelly ,380 503336777,,http://frotelly.com.ua/,"Frotelly is a Kyiv-based showroom specializing in ceramic tiles and interior solutions. The company targets residential customers and design-focused projects, offering curated collections and modern styles. Its presence across social media platforms indicates a focus on branding and customer engagement in the local market.",,,,,,https://www.instagram.com/frotelly_salon/,https://www.facebook.com/frotelly/,,
,8,johndoe@domain.com/ivandoe@domain.com/website@keramhall.com.ua/salon@keramhall.com.ua/keramhall.zp@mail.ru/salon4@keramhall.com.ua/salon1@keramhall.com.ua/salon6@keramhall.com.ua,KeramHall ,380 674409258,380 670092019,https://keramhall.ua/,KeramHall is a Kyiv-based tile retailer and distribution network offering a wide range of ceramic and porcelain tiles. The company operates multiple showroom locations and supplies both retail customers and construction professionals. Its broad product portfolio and multiple contact points indicate strong sourcing capabilities and potential involvement in imports.,,,,,,https://www.instagram.com/keramhall,https://www.facebook.com/keramhall,,
,9,sale@leoceramika.ua,Leo Keramika ,380 504097504,380 800218855,https://leoceramika.com/,"Leo Ceramika is one of the largest tile retail chains in Ukraine, with an extensive showroom and distribution network. The company offers a wide selection of ceramic tiles, sanitary ware, and interior products, serving both retail and project clients. It is known for working with international brands, making it a key importer and high-value target.",,,,,,https://www.instagram.com/leoceramika/,https://www.facebook.com/leoceramika,,
,10,"info@bliss.net.ua , zakaz@paloma.com.ua",Bliss Ceramica ,380 675838686,,https://bliss.net.ua/,Bliss Ceramica is a Kyiv-based supplier of ceramic tiles and interior solutions. The company focuses on modern collections and serves residential as well as small projec,,,,,,https://www.instagram.com/bliss_group_ua/,https://www.facebook.com/BLISSgroup.ua,,
,11,office@laceramica.ua,"La Ceramica - tiles, plumbing, parquet ",380 671144444,,http://laceramica.ua/,"La Ceramica is a design-focused showroom in Kyiv offering tiles, sanitary ware, and parquet solutions. The company targets high-end residential and interior design projects, with a curated portfolio of stylish and premium products.",,,,,,https://www.instagram.com/la_ceramica_ukraine/,https://www.facebook.com/LaceramicaUkraine,,
,12,svitlana.fosniuk@rezult.pro/support@prom.ua/support@bigl.ua/ecomsupport@evopay.com.ua,Rezult - laminate from the manufacturer in Kiev and Ukraine ,380 671144444,,http://laceramica.ua/,"Elite Kerama is a Kyiv-based tile showroom brand offering ceramic tile solutions for residential customers. It focuses on modern designs and retail sales, likely sourcing products through distributors and established brands within the Ukrainian market.",,,,,,https://www.instagram.com/eliteceramics/?hl=en,,,
,13,shop@plitka.eu,PLITKA.EU ,380 673618999,380 675461229,https://rezult.ua/?utm_source=google&utm_medium=mb,"Rezult is a Ukrainian manufacturer specializing in laminate flooring, with production and showroom presence in Kyiv. The company focuses on domestic manufacturing and supplies flooring solutions across Ukraine. While primarily a producer, it also operates in retail channels, targeting residential customers and renovation projects.",,,,,,https://www.instagram.com/rezult_ukraine/,https://www.facebook.com/rezult.pro/,,
,14,vannaja@ukr.net,plumbing and tile store Vannaja.Kiev.ua ,380 979699979,,https://plitka.eu/,"Plitka.eu is a Kyiv-based retailer and online supplier of ceramic tiles. The company offers a variety of tile collections through both showroom and digital channels, serving homeowners and small contractors. Its online-driven model suggests flexible sourcing and potential collaboration with multiple international suppliers.",,,,,,https://www.instagram.com/plitkaeu/,https://www.facebook.com/plitkaeu,,
,15,alex@karmen.kiev.ua,Karmen HUB: salon of shallow and new type plumbing ,380 971144618,380 442217179,https://vannaja.kiev.ua/,,,,,,,https://www.instagram.com/vannaja_kyiv/,https://www.facebook.com/vannaja.kiev.ua,,
,16,mail@atemshop.com.ua,Atem ,380 507000105,,https://www.karmen.kiev.ua/,,,,,,,https://www.instagram.com/karmen_kyiv/,https://www.facebook.com/KarmenKyiv,,
,17,info@ukrinstal.com.ua/hr@ukrinstal.com.ua/shop@ukrinstal.com.ua,UKRINSTAL ,380 504255107,380 503808066,https://atemshop.com.ua/,,,,,,,https://www.instagram.com/atem.com.ua/,https://www.facebook.com/Atem.com.ua/,,
,,,,,,,,,,,,,https://www.instagram.com/ukrinstal/,https://www.facebook.com/ukrinstal/,,
Cyprus,SR.,Report Mail ID,COMPANY NAME,NUMBER 1,NUMBER 2,WEBSITE LINK,Company details ,EMAIL 1,EMAIL 2,EMAIL 3 purchase manger ,LINKEDIN,LINKEDIN (Company),INSTAGRAM,FACEBOOK,ADDRESS,REMARKS
,1,info@markoubros.com.cy,Markou Bros Ltd ,+357 22466111,+357 22610640,http://www.markoubros.com.cy/,,,,,,,https://www.instagram.com/markoubros_cyprus/,https://www.facebook.com/MarkouBrosOnlineShowroom/timeline,"4 Protagorou Street,1045 Palouriotissa, Nicosia, Cyprus, Nicosia, Protagorou, Nicosia 1045, Cyprus","Sanitary,Tiles"
,2,info@dmoustaka.com,D.Moustaka & Sons Ltd ,+357 70001223,,https://www.dmoustaka.com/,,,,,,,,https://www.facebook.com/RoofTilesCenterCyprus,"Sintika Khanum, Larnaca 6051, Cyprus",Tiles
,3,dpasko@atem.com.ua,Atem Ceramics Ltd ,+380 445177254,,https://atem.com.ua/,,office@atem.com.ua,personal@atem.com.ua,,,,https://www.instagram.com/atem.com.ua/,https://www.facebook.com/Atem.com.ua,"01013, Kyiv, Ukraine,4-B, Promyshlennaya st.","Sanitary,Tiles"
,4,info@evpalia.com,Evpalia Trading Co Ltd ,+357 25080110,,http://www.evpalia.com/,,johnsmith@example.com,,,https://www.linkedin.com/company/evpalia-group?originalSubdomain=cy,,https://www.instagram.com/evpaliagroup/,https://www.facebook.com/Evpalia,"Iapetou 28, Agios Athanasios 4101, Cyprus","Sanitary,Tiles"
,5,info@fwb.com.cy,FWB LTD ,+357 22777751,,http://www.fwb.com.cy/,,,,,,,,https://www.facebook.com/p/FWB-LTD-floors-walls-bathrooms-100066515503939/,"Theofilou Georgiadi 8, Lakatamia 2325, Cyprus","Sanitary,Tiles"
,6,info@loizoudi.com.cy,Loizoudi,+357 22772939,,http://www.loizoudi.com.cy/,,limassol@loizoudi.com.cy,,,,,https://www.instagram.com/SYLLOGES,https://www.facebook.com/Sylloges/,"93 Makariou III Avenue, Nicosia 1070, Cyprus",TIles
,7,george@bipolarmedia.co,La Maison My Mall,+357 25100702,,http://lamaison.com.cy/stores/,,,,,,,https://www.instagram.com/savvidescy/,https://www.facebook.com/SavvidesCyprus,"Spyrou Kyprianou Ave 24, Limassol 3070, Cyprus","Sanitary,Tiles"
,8,info@agathocleous.com.cy,Agathocleous Group ,+357 22355988,,http://www.agathocleous.com.cy/,,,,,,,https://www.instagram.com/agathocleousgroup/,https://www.facebook.com/agathocleousgroup,"Kyriakou Matsi, Egkomi 2408, Cyprus","Sanitary,Tiles"
,9,eurobath@scytanet.com.cy,Eurobaths,+357 22349563,,http://www.eurobaths.com.cy/,,info@eurobaths.com.cy,,,,,,https://www.facebook.com/eurobathltd/,"599F+MC6, Nicosia 1055, Cyprus","Sanitary,Tiles"
,10,c.koushiappas@cytanet.com.cy,C.Koushiappas ltd ,+357 22430033,+357 97768363,https://www.ckoushiappas.com/,,,,,https://www.linkedin.com/company/c-koushiappas-ltd/,,https://www.instagram.com/ckoushiappasltd/,https://www.facebook.com/profile.php?id=100055188586336#,"B17 122, Pallouriotissa 1048, Cyprus","Sanitary,Tiles"
,11,info@ilbagno.com.cy,il bagno ltd,+357 22029888,,http://www.ilbagno.com.cy/,,,,,https://www.linkedin.com/company/il-bagno-ltd/,,https://www.instagram.com/ilbagnocy/,https://www.facebook.com/ilbagnonicosia/,"41, Andrea Avraamidi shop 5, Strovolos 2024, Cyprus","Sanitary,Tiles"
,12,info@dcdemetriades.com.cy,D.C. Demetriades Ltd,+357 22355004,,http://www.dcdemetriades.com.cy/,,,,,https://www.linkedin.com/company/dcdemetriades-ltd/,,https://www.instagram.com/d.c.demetriades_ltd,https://www.facebook.com/DCDemetriades,"Vasilissis Freiderikis 10, Nicosia 2409, Cyprus","Sanitary,Tiles"
,13,info@sofocleskyprianou.com,SOFOCLES KYPRIANOU LTD ,+357 22442444,,https://www.sofocleskyprianou.com.cy/,,,,,https://www.linkedin.com/company/sofocleskyprianou-group/,,https://www.instagram.com/sofocles_kyprianou_ltd,https://www.facebook.com/sofocleskyprianoultd/,"Athalassas Ave 106, Strovolos 2024, Cyprus","Sanitary,Tiles"
,14,info@maourisoikoset.com,Maouris Oikoset,+357 22444555,,http://www.maourisoikoset.com/,,,,,,,https://www.instagram.com/maouris_oikoset/?hl=en,https://www.facebook.com/maourisoikoset/?locale=el_GR,"Ayias Paraskevis 5, Nicosia 2412, Cyprus","Sanitary,Tiles"
,15,info@epiphaniou.com,EPIPHANIOU BATH & FLOORS NICOSIA,+357 22441254,,http://www.epiphanioubathandfloors.com/,,,,,,,https://www.instagram.com/epiphanioubf/,https://www.facebook.com/EPIPHANIOU.BATH.FLOORS,"47 STROVOLOS AVENUE, Strovolos 2018, Cyprus","Sanitary,Tiles"
,16,info@leptosbathroomdesigns.com,Leptos Bathroom Designs,+357 22590001,,http://www.leptosbathroomdesigns.com/,,,,,,,https://www.instagram.com/leptos_bathroom_designs/,https://www.facebook.com/LeptosBathroom/,"10 Ionos street, Engomi, Nicosia 2406, Cyprus","Sanitary,Tiles"
,17,eylem@ermatas.com,Ermataş Ltd. Nicosia Central Branch.,+90 5338200101,,http://www.ermatas.com/,info@ermatas.com,,,,,,https://www.instagram.com/ermatas_ltd?fbclid=IwY2xjawLMehZleHRuA2FlbQIxMABicmlkETFpN3dORGNiTDY0c3VpR01lAR4yfYAvyXqy34xg4IS09kx0_2LOiIL31_k-GuQNRy4fyHrlxcfO5e_F_31TKQ_aem_8yRGa2wT1xNJgxCryYCVtA,https://www.facebook.com/ermatasltd,"Şehit Mustafa Ahmet Ruso Caddesi, Lefkoşa 9910","Sanitary,Tiles"
,18,info@leroymerlin.com.cy,LEROY MERLIN Nicosia Store - SCB DIY Company Limited,+357 22473400,,https://www.leroymerlin.com.cy/,careers@leroymerlin.com.cy,,,,https://www.linkedin.com/company/leroy-merlin/,,https://www.instagram.com/leroymerlincyprus/,https://www.facebook.com/leroymerlincyprus,"Kalamon 16, Strovolos 2032, Cyprus","Sanitary,Tiles"
,,,,,,,,,,,,,,,,
Ireland,SR.,Report Mail ID,COMPANY NAME,NUMBER 1,NUMBER 2,WEBSITE LINK,Company details ,EMAIL 1,EMAIL 2,EMAIL 3 purchase manger ,LINKEDIN,LINKEDIN (Company),INSTAGRAM,FACEBOOK,ADDRESS,REMARKS
,1,sales@royalestones.co.uk,Royale Stones Ltd + ireland,+353 7929042774,,https://royalestones.co.uk/,,,,,https://www.linkedin.com/company/royale-stones-ltd/?originalSubdomain=uk,,https://www.instagram.com/royalestones/,https://www.facebook.com/RoyaleStones/,"19 Harvester Way PE1 5UT Peterborough, United Kingdom",Tiles
,2,info@thetilesourcebelfast.com,The Tile Source Ltd. + ireland,+353 2890604440,,https://thetilesourcebelfast.com/,,,,,,,,https://www.facebook.com/TileSource/,"Belfast, United Kingdom",Tiles
,3,info@bathhouse.ie,Bath House Design Ltd + ireland,+353 12140907,,http://www.bathhouse.ie/,,,,,,,https://www.instagram.com/bathhousedesign/,https://www.facebook.com/bathhousedesign/,"1 Clifton Ave, Dún Laoghaire, Dublin, A94 HK85, Ireland",Tiles
,4,info@project.ie,Project Tile Showroom + ireland,+353 18218478,,https://www.project.ie/,,,,,https://www.linkedin.com/company/project-tile-design-ltd/?originalSubdomain=ie,,https://www.instagram.com/projecttile/,https://www.facebook.com/projecttiledesign,"Navan Rd, Parslickstown, Dublin, D15 YHR6, Ireland",Tiles
,5,sales@techtiles.ie,Tech Tiles Dublin + ireland,+353 14123893,+353 851156991,http://techtiles.ie/,,,,,https://www.linkedin.com/company/tech-tiles/?originalSubdomain=ie,,https://www.instagram.com/techtilesireland/,https://www.facebook.com/people/Tech-Tiles/100039975048046/,"Unit B4, Kingswood Business Park, Baldonnell Lower, Baldonnell, Co. Dublin, Ireland",Tiles
,6,info@coolocktileoutlet.com,Coolock Tile Outlet + ireland,+353 18473868,,http://www.coolocktileoutlet.com/,,,,,,,,https://www.facebook.com/profile.php?id=100063575143769&fref=ts#,"Computer Stationery House, 101 Newtown Ave, Malahide Road Industrial Park, Dublin 17, Ireland",Tiles
,7,sales@xotile.ie,XO Tile + ireland,+353 16978123,,http://www.xotile.ie/,,,,,https://www.linkedin.com/in/xo-tile-8b809198/,,https://www.instagram.com/xo_tile/,https://www.facebook.com/xotile/,"Grantham House, Grantham St, Saint Kevin's, Dublin, D08 W8HD, Ireland",Tiles
,8,sandyford@houseoftiles.ie,House of Tiles + ireland,+353 14264881,,http://www.houseoftiles.ie/,,,,,https://www.linkedin.com/company/house-of-tiles/?originalSubdomain=ie,,https://www.instagram.com/houseoftilesdublin/,https://www.facebook.com/HouseOfTilesDublin,"1, Long Mile Retail Centre, 109/113 Long Mile Rd, Walkinstown, Dublin 12, D12 VXC2, Ireland",Tiles
,9,specitile@tiles.ie,Tiles and Terrazzo Ltd + ireland,+353 18239430,,http://www.tilesandterrazzo.ie/,,,,,https://www.linkedin.com/company/tiles-and-terrazzo/,,https://www.instagram.com/tilesandterrazzoofficial/,https://www.facebook.com/TilesAndTerrazzoOfficial#,,Tiles
,10,sales@tilesandterrazzo.ie,Richardsons Ceramics + ireland,+353 19104046,,http://www.richardsonsceramics.ie/,,,,,https://www.linkedin.com/company/richardsons-ceramics/?originalSubdomain=ie,,https://www.instagram.com/richardsons_tiles/,https://www.facebook.com/richardsonsceramics/,,Tiles
,11,info@richardsonsceramics.ie,TileStyle + ireland,+353 18555200,,https://tilestyle.ie/?utm_source=google&utm_medium=organic&utm_campaign=gmb-listing,,first@tilestyle.ie,,,https://www.linkedin.com/company/tilestyle-limited/,,https://www.instagram.com/tilestyle,https://www.facebook.com/TileStyle/,,Tiles
,12,info@tilestyle.ie,Omega Tiles & Floors + ireland,+353 15582907,,http://www.omegatiles.ie/,,example@mysite.com,,,https://www.linkedin.com/company/omega-tiles-floors/,,https://www.instagram.com/omega.tiles.and.floors/,https://www.facebook.com/OmegaTilesDublin/,,Tiles
,13,info@omegatiles.ie,Dublin Tile & Bathroom Centre + ireland,+353 14528551,+353 892786468,https://www.dtbc.ie/,,service@dtbc.ie,,,https://www.linkedin.com/company/dublin-tile-bathroom-centre/?originalSubdomain=ie,,https://www.instagram.com/dublintilebathroom/?hl=en,https://www.facebook.com/www.citytilesandbathrooms.ie/,,Tiles
,14,info@dtbc.ie,Rocca Bathrooms and tiles + ireland,+353 16205607,,https://roccabathroomsandtiles.com/,,,,,,,,https://www.facebook.com/roccastone.marble,,Tiles
,16,customerservice@worldoftiles.ie,BathStore and more + ireland,+353 18074074,,https://bathstoreandmore.ie/,,,,,,,https://www.instagram.com/bathstoreandmore_ie/?hl=en,https://www.facebook.com/bathstoreandmore.ie/,,Tiles
,17,info@bathstoreandmore.ie,Doramics Ltd + ireland,+353 18429744,,http://www.doramics.ie/,,,,,https://www.linkedin.com/company/doramics/?originalSubdomain=ie,,https://www.instagram.com/doramics.ie/?hl=en,https://www.facebook.com/Doramics.ie/,,Tiles
,18,karen.walsh@citytilesandbathrooms.ie,City Tiles & Bathrooms Dublin + ireland,+353 14595250,+353 214840012,http://www.citytilesandbathrooms.ie/,,,,,https://www.linkedin.com/company/city-tiles-&-bathrooms-ltd/?originalSubdomain=ie,,https://www.instagram.com/citytilesbathrooms/,https://www.facebook.com/citytilesandbathrooms.ie/,,Tiles
,,,,,,,,,,,,,,,,
ALBANIA,SR.,Report Mail ID,COMPANY NAME,NUMBER 1,NUMBER 2,WEBSITE LINK,Company details ,EMAIL 1,EMAIL 2,EMAIL 3 purchase manger ,LINKEDIN,LINKEDIN (Company),INSTAGRAM,FACEBOOK,ADDRESS,REMARKS
,1,info@billa.al,Billa Unaza e Re,+355 686088662,,http://www.billa.al/,,,,,https://www.addtoany.com/add_to/linkedin?linkurl=https%3A%2F%2Fbilla.al%2F&linkname=Home%20-%20Billa&linknote=%20info%40billa.al,,https://www.instagram.com/billa_albania/,https://www.facebook.com/Billa.shpk,"Rruga Teodor Keko 11, Tiranë 1027, Albania",Tiles and Sanitary ware store
,2,ericalbceram@gmail.com,Erica Albania Ceramiche,+355 69208474,,,,,,,,,https://www.instagram.com/explore/locations/1022241864/erica-albania-ceramiche/,https://www.facebook.com/erikaalbaniaceramiche/,"Superstrada Tirane-Durres, km.6 Tirane, Yrshek 1051, Albania",Tiles and Sanitary ware store
,3,info@itc.com.al,Itc,+355 692055523,,https://itc.com.al/,,,,,,,https://www.instagram.com/itc.al/,https://www.facebook.com/itc.com.al,"Rruga Tuzit 17, Shkodër 4001, Albania",Tiles and Sanitary ware store
,4,casagresal@gmail.com,"Casa Gres Albania - Spanish Tiles, Parquet",+355 672011065,,,,,,,,,https://www.instagram.com/casagres.al/,https://www.facebook.com/casagresal/,"Blue Boulevard, Kamëz 1001, Albania",Tiles and Sanitary ware store
,5,info@devidon.al,DeviDon - Tiles & Plumbing,+355 692273383,,http://www.devidon.com/,,,,,,,,https://www.facebook.com/DeviDonElbasan,"Elbasan - Metalurgji Highway km2, Dyli Haxhire Street, Elbasan, Albania",Tiles and Sanitary ware store
,6,info@inalbania.al,New Idea,+355 682058822,,https://inalbania.al/pllaka-hidrosanitare-kavaje-new-idea-ceramica,,,,,,,https://www.instagram.com/_.newidea._/,https://www.facebook.com/p/New-Idea-100057349124635/,"3J9R+FPH, Albania",Tiles and Sanitary ware store
,7,info@lobbyhome.al,Lobby Home,+355 697050046,,http://www.lobbyhome.al/,,,,,https://www.linkedin.com/company/lobby-home-shpk/,,https://www.instagram.com/lobbyhome.al/,https://www.facebook.com/lobbyhome.al/,"Ngjitur me BKT, Në krah të TEG, Tiranë 1001, Albania",Tiles and Sanitary ware store
,8,siaralbania@gmail.com,Hyka Ceramica,+355 682010339,,,,,,,,,https://www.instagram.com/hykaceramica/,https://www.facebook.com/hykaceramica/,"Rruga Myslym Keta, Tiranë, Albania",Tiles and Sanitary ware store
,10,intesa.ceramica@yahoo.com,"Hidrosanitare""Intesa Ceramica""",+355 674484239,,intesaceramica.al,,,,,,,https://www.instagram.com/intesaceramica/,https://www.facebook.com/intesaceramica/,"Rruga Siri Kodra 196, Tiranë, Albania",Sanitary ware 
,11,info@brunes.al,Brunes Sarandë,+355 697006600,,http://brunes.al/,,,,,https://www.linkedin.com/in/brunes-albania-993a392a6/,,https://www.instagram.com/brunes.al/,https://www.facebook.com/brunesalbania/,"Lagja Nr. 1, pranë Nënstacionit Elektrik, Rruga Onhezmi, Saranda, Albania",Tiles and sanitary ware store
,12,billalushnje@billa.al,Billa Lushnjë,+355 676042426,,http://www.billa.al/,,,,,https://www.addtoany.com/add_to/linkedin?linkurl=https%3A%2F%2Fbilla.al%2F&linkname=Home%20-%20Billa&linknote=,,https://www.instagram.com/billa_albania/,https://www.facebook.com/Billa.shpk,"Rrethrrotullimi Saver - Plug Km 1, Lushnjë 9003, Albania",Tiles and sanitary ware store
,13,ergicompany@gmail.com,Ergi Company,+355 694006930,,ergicompany.al,,,,,,,https://www.instagram.com/ergi.company/,http://www.facebook.com/ergicompany,"Rruga Nacionale Korce - Bilisht km.1 Korce,Albania, 7001, Albania",Tiles and sanitary ware store
,14,info@arna.al,ARNA Tiles,+355 685792282,,https://arna.al/,,,,,,,https://www.instagram.com/arna_tiles/?hl=en,https://www.facebook.com/p/ARNA-61550626107912/,"Fier National Road, Berat 1001, Albania",Tiles and sanitary ware store
,15,info@arjon.al,Selection By Arjon,+355 672030653,,http://arjon.al/,,,,,,,https://www.instagram.com/selectionbyarjon/,https://www.facebook.com/arjon.shpk.1,"National Arena, Tirana, Albania",Tiles and sanitary ware store
,16,billafier@billa.al,Billa Fier,+355 676044331,,http://www.billa.al/,,,,,https://www.addtoany.com/add_to/linkedin?linkurl=https%3A%2F%2Fbilla.al%2F&linkname=Home%20-%20Billa&linknote=,,https://www.instagram.com/billa_albania/,https://www.facebook.com/Billa.shpk,"1 May, Rruga Naftaret Fier 9301 AL, Fier, Albania",Tiles and sanitary ware store
,17,billakavaje@billa.al,Billa Kavaja,+355 689037851,,http://www.billa.al/,,,,,https://www.addtoany.com/add_to/linkedin?linkurl=https%3A%2F%2Fbilla.al%2F&linkname=Home%20-%20Billa&linknote=,,https://www.instagram.com/billa_albania/,https://www.facebook.com/Billa.shpk,"Durrës – Rrogozhinë Highway, Metallica Street, Synej, Kavajë Kavaja, 2505, Albania",Tiles and sanitary ware store
,18,timexcontact@yahoo.com,Hidrosanitare Timex,+355 692041310,,timex.local.al,,,,,https://al.linkedin.com/in/timex-hidrosanitare-a62bb2a4,,https://www.instagram.com/timex_hidrosanitare/,https://www.facebook.com/hidrosanitaretimex,"Rruga Llazi Miho, Tiranë 1000, Albania",Sanitary ware store